id,name,address,address_raw,primary_address,addresses_json,description,architects,source_url,image_full_url,image_thumb_url,built_year,lat,lon,geocode_display_name,geocode_query,geocode_osm_type,geocode_osm_id,geocode_category,geocode_addresstype
dom-hrvatskih-likovnih-umjetnika-trg-zrtava-fasizma-bb-10000,Dom hrvatskih likovnih umjetnika,"Trg žrtava fašizma BB, 10000 Zagreb, Croatia",Trg žrtava fašizma BB,"Trg žrtava fašizma BB, 10000 Zagreb, Croatia","[{""raw"":""Trg žrtava fašizma BB"",""normalized"":""Trg žrtava fašizma BB, 10000 Zagreb, Croatia"",""street"":""Trg žrtava fašizma BB"",""house_number"":""""}]","Zgrada Doma hrvatskih likovnih umjetnika, slobodnostojeći jednokatni izložbeni paviljon, na Trgu žrtava fašizma BB sagrađena je 1934./1938. prema idejnom rješenju Ivana Meštrovića i tehničkoj razradi Harolda Bilinića i Lavoslava Horvata. Zgrada je 1942./1943. prenamijenjena i pregrađena u džamiju (Zvonimir Požgaj; fontana i minareti Stjepan Planić). 1947. prenamijenjena je u Muzej, ali zagrepčani ju još uvijek kolokvijalno zovu Džamija. U izvornom obliku, kao organska sinteza lapidarne skulpturalne monumentalnosti i virtuozne građevne tehnologije, unikatno je i kapitalno ostvarenje hrvatske moderne arhitekture. (Galerija nepokretnih kulturnih dobara grada Zagreba)",Ivan Meštrović; Harold Bilinić; Lavoslav Horvat,https://www.arhitektura-zagreba.com/zgrade/trg-zrtava-fasizma-bb_1?ulica=trg-zrtava-fasizma,https://storage.googleapis.com/arhitektura-zagr-1514718358225.appspot.com/photos/Trg%20%C5%BErtava%20fa%C5%A1.%20BB%20%201_0b3c.JPG,https://storage.googleapis.com/arhitektura-zagr-1514718358225.appspot.com/photo_thumbs/trg%20zrtava%20fas.%20bb%20%201_0b3c.jpg,Unknown,45.8099552,15.9872367,"Square of the Victims of Fascism, Mjesni odbor ""Hrvatski narodni vladari"", Gradska četvrt Donji grad, Zagreb, City of Zagreb, Croatia","Trg žrtava fašizma BB, 10000 Zagreb, Croatia",way,575284278,place,square
hotel-milinov-danas-hotel-dubrovnik-gajeva-1-1,"Hotel Milinov, danas Hotel Dubrovnik","Gajeva 1 / Trg bana Jelačića 16, 10000 Zagreb, Croatia",Gajeva 1 / Trg bana Jelačića 16,"Trg bana Jelačića 16, 10000 Zagreb, Croatia","[{""raw"":""Gajeva 1"",""normalized"":""Gajeva 1, 10000 Zagreb, Croatia"",""street"":""Gajeva"",""house_number"":""1""},{""raw"":""Trg bana Jelačića 16"",""normalized"":""Trg bana Jelačića 16, 10000 Zagreb, Croatia"",""street"":""Trg bana Jelačića"",""house_number"":""16""}]","Hotel Milinov, danas Hotel Dubrovnik, na uglu Gajeva 1 /Trg bana Jelačića 16 sagrađen je 1928./1929. prema projektu Dionisa Sunka (Sunko & Jungmann). Hotel Milinov je dobio naziv po prvom vlasniku - trgovcu Svetozaru Milinovu, a od 1940. vlasnik je postala Dubrovačka plovidba koja mu je dala današnji naziv. Zgrada hotela u donjem dijelu dizajnirana je u stilu art décoa, dok je gornji dio u duhu ekspresionizma. Na pročelju središnjeg dijela zgrade, prema Trgu, iznad prozora trećeg kata, postavljen je brončani kip Merkura (u rimskoj mitologiji bog trgovine i putovanja), koji je premješten sa srušene kuće trgovca Pavla Hatza, koju je na tome mjestu sagradio Bartol Felbinger. U toj kući nalazila se je poznata Velika kavana.",Dionis Sunko,https://www.arhitektura-zagreba.com/zgrade/gajeva-1-trg-bana-jelacica-16?ulica=trg-bana-jelacica,https://storage.googleapis.com/arhitektura-zagr-1514718358225.appspot.com/photos/Gajeva_1_-Trg_bana_Jela%C4%8Di%C4%87a__1.jpg,https://storage.googleapis.com/arhitektura-zagr-1514718358225.appspot.com/photo_thumbs/gajeva_1_-trg_bana_jelacica__1.jpg,Unknown,45.8126272,15.97669,"1, Gajeva ulica, Mjesni odbor Cvjetni trg, Gradska četvrt Donji grad, Zagreb, City of Zagreb, 10000, Croatia","Gajeva 1, 10000 Zagreb, Croatia",way,584464569,place,place
kuca-baumgartner-wasserthal-bakaceva,Kuća Baumgärtner-Wasserthal,"Bakačeva / Trg bana Jelačića 8, 10000 Zagreb, Croatia",Bakačeva / Trg bana Jelačića 8,"Trg bana Jelačića 8, 10000 Zagreb, Croatia","[{""raw"":""Bakačeva"",""normalized"":""Bakačeva, 10000 Zagreb, Croatia"",""street"":""Bakačeva"",""house_number"":""""},{""raw"":""Trg bana Jelačića 8"",""normalized"":""Trg bana Jelačića 8, 10000 Zagreb, Croatia"",""street"":""Trg bana Jelačića"",""house_number"":""8""}]","Kuća Baumgärtner-Wasserthal na Trgu bana Jelačića 8 /Bakačeva sagrađena je 1881./1882. za veletrgovca Leopolda Baumgärtnera i njegovog partnera Salomona Wasserthala, prema projektu Janka Jambrišaka. Jambrišak je nacrte izradio na temelju idejnog projekta Ruperta Melkusa (upravitelj Gradskoga građevnog ureda) iz 1875. godine. Melkusov projekt je planirao veliku komercijalnu zgradu u stilu francuske neorenesanse uzduž cijele sjeverne strane trga, no tomu se usprotivio Izidor Kršnjavi pa je na kraju umjesto jedne sagrađeno više kuća. Zgrada je dugi niz godina bila u vlasništvu Varteksa, a 2014. kupio ju je njemački lanac drogerija Müller. (Josip Bilić, Hrvoje Ivanković, 2006:430-I)",Rupert Melkus,https://www.arhitektura-zagreba.com/zgrade/bakaceva?ulica=trg-bana-jelacica,https://storage.googleapis.com/arhitektura-zagr-1514718358225.appspot.com/photos/Trg%20bana%20Jela%C4%8Di%C4%87a%208%20%201_f1af.jpg,https://storage.googleapis.com/arhitektura-zagr-1514718358225.appspot.com/photo_thumbs/trg%20bana%20jelacica%208%20%201_f1af.jpg,Unknown,45.8132372,15.9780259,"8, Ban Jelačić Square, Kaptol, Mjesni odbor ""August Cesarec"", Gradska četvrt Gornji grad - Medveščak, Zagreb, City of Zagreb, 10106, Croatia","Trg bana Jelačića 8, 10000 Zagreb, Croatia",node,4335336352,place,place
kuca-benedik-kovacic-trg-zrtava-fasizma-5-5,Kuća Benedik-Kovačić,"Trg žrtava fašizma 5, 10000 Zagreb, Croatia",Trg žrtava fašizma 5,"Trg žrtava fašizma 5, 10000 Zagreb, Croatia","[{""raw"":""Trg žrtava fašizma 5"",""normalized"":""Trg žrtava fašizma 5, 10000 Zagreb, Croatia"",""street"":""Trg žrtava fašizma"",""house_number"":""5""}]","Kuća Benedik-Kovačić na Trgu žrtava fašizma 5 sagrađena je 1928./1929. prema projektu Aladara Baranyaija (Benedik & Baranyai). Kao i kod susjedne Baranyaijeve kuće na kbr. 4 i kod ove kuće vidljiv je pomak prema modernistički jednostavnim oblicima. To je uglovnica jednostavna i snažna volumena, kojoj na pročelju pojedini katovi nisu odvojeni vijencima, osim po površini kvadratičnog erkera na samom uglu. Potkrovni dio kuće Benedik-Kovačić, međutim, donosi motiv balkonske lođe s tordiranim stupovima. To ovu kuću dovodi u kronološku i tipološku vezu s nedalekim kućama Kunetz (Zvonimirova 6) i kućom na uglu Trga i Višeslavove. Jedini preostali element tradicije jesu još plitke polukružne lunete iznad kvadratičnih prozora ugaonog erkera. (Andreja Der Hazarijan-Vukić)",Aladár Baranyai,https://www.arhitektura-zagreba.com/zgrade/trg-zrtava-fasizma-5?ulica=trg-zrtava-fasizma,https://storage.googleapis.com/arhitektura-zagr-1514718358225.appspot.com/photos/Trg_%C5%BErtava_fa%C5%A1_5__1.JPG,https://storage.googleapis.com/arhitektura-zagr-1514718358225.appspot.com/photo_thumbs/trg_zrtava_fas_5__1.jpg,Unknown,45.8106486,15.9877994,"5, Square of the Victims of Fascism, Mjesni odbor ""Hrvatski narodni vladari"", Gradska četvrt Donji grad, Zagreb, City of Zagreb, 10000, Croatia","Trg žrtava fašizma 5, 10000 Zagreb, Croatia",node,930284971,place,place
kuca-benedik-maceljski-trg-zrtava-fasizma-6-6,Kuća Benedik-Maceljski,"Trg žrtava fašizma 6, 10000 Zagreb, Croatia",Trg žrtava fašizma 6,"Trg žrtava fašizma 6, 10000 Zagreb, Croatia","[{""raw"":""Trg žrtava fašizma 6"",""normalized"":""Trg žrtava fašizma 6, 10000 Zagreb, Croatia"",""street"":""Trg žrtava fašizma"",""house_number"":""6""}]","Kuća Slavka i Jelke Benedik-Maceljski na Trgu žrtava fašizma 6 sagrađena je 1923./1925. prema projektu Aladara Baranyaija (Benedik & Baranyai). Ova kuća posebno je zanimljiva za cjelovit uvid u Baranyaijev specifični postupak s klasičnim elementima arhitekture. Pročelje je koncipirano u tri dijela. Razizemlje i prvi kat u nešto su tamnijoj žbuci, definirani horizontalno profiliranim jonskim stupovima. Na svakom je katu po pet prozora, srednja tri su vertikalna, a iznad krajnjih prozora prvog kata dodani su lučni završeci. Iznad snažnog vijenca prvog kata dižu se drugi i treći kat, definirani samo horizontalno profiliranim pilastrima na lijevom i desnom kraju te klasičnim vijencem na vrhu. Ploha zida drugog i trećeg kata potpuno je čista, rastvorena jedino kvadratnim prozorima, dok se na krajnjim prozorskim otvorima drugog kata ponovno pojavljuje jedan stari element Baranyaijeve arhitekture - blago istaknuti prozor-erker. Četvrti kat kuće Maceljski, koji ima funkciju mansarde, ponovno je drukčije oblikovan od nižih razina, jer su upotrijebljene samo reljefne pravokutne tablature. Takav neobični trodjelni tretman pročelja, u kojem se klasični elementi slobodno slažu, na ovoj je kući uglavnom primijenjen u skladu s iskustvima secesije, ali - tipično za ovu Baranyaievu fazu: bez samih secesijskih ukrasa. (Andreja Der Hazarijan-Vukić)",Aladár Baranyai,https://www.arhitektura-zagreba.com/zgrade/trg-zrtava-fasizma-6?ulica=trg-zrtava-fasizma,https://storage.googleapis.com/arhitektura-zagr-1514718358225.appspot.com/photos/Trg_%C5%BErtava_fa%C5%A1_6__1.JPG,https://storage.googleapis.com/arhitektura-zagr-1514718358225.appspot.com/photo_thumbs/trg_zrtava_fas_6__1.jpg,Unknown,45.810471,15.988291,"6, Square of the Victims of Fascism, Mjesni odbor ""Hrvatski narodni vladari"", Gradska četvrt Donji grad, Zagreb, City of Zagreb, 10113, Croatia","Trg žrtava fašizma 6, 10000 Zagreb, Croatia",node,930286244,place,place
kuca-demeter-trg-bana-jelacica-2-2,Kuća Demeter,"Trg bana Jelačića 2, 10000 Zagreb, Croatia",Trg bana Jelačića 2,"Trg bana Jelačića 2, 10000 Zagreb, Croatia","[{""raw"":""Trg bana Jelačića 2"",""normalized"":""Trg bana Jelačića 2, 10000 Zagreb, Croatia"",""street"":""Trg bana Jelačića"",""house_number"":""2""}]","Kuću Demeter na Trgu bana Jelačića 2 podigao je oko 1829. godine Bartol Felbinger, prostorno i stilski u oblicima klasicizma bidermajera. Pročelje je preoblikovano 1890-ih. Na tome mjestu nalazio se na početku XIX. st. tridesetnički ured i staja trgovca Nauma Demetra, oca Dimitrija Demetra, hrvatskog književnika, kritičara, prevoditelja i kazališnog djelatnika. (Josip Bilić, Hrvoje Ivanković, 2006:430-I)",Bartol Felbinger,https://www.arhitektura-zagreba.com/zgrade/trg-bana-jelacica-2?ulica=trg-bana-jelacica,https://storage.googleapis.com/arhitektura-zagr-1514718358225.appspot.com/photos/Trg%20bana%20Jela%C4%8Di%C4%87a%202%20%202_67fb.JPG,https://storage.googleapis.com/arhitektura-zagr-1514718358225.appspot.com/photo_thumbs/trg%20bana%20jelacica%202%20%202_67fb.jpg,Unknown,45.8134445,15.9760469,"2, Ban Jelačić Square, Kaptol, Mjesni odbor ""August Cesarec"", Gradska četvrt Gornji grad - Medveščak, Zagreb, City of Zagreb, 10106, Croatia","Trg bana Jelačića 2, 10000 Zagreb, Croatia",relation,3881852,building,building
kuca-deutsch-maceljski-trg-zrtava-fasizma-2-2,Kuća Deutsch-Maceljski,"Trg žrtava fašizma 2, 10000 Zagreb, Croatia",Trg žrtava fašizma 2,"Trg žrtava fašizma 2, 10000 Zagreb, Croatia","[{""raw"":""Trg žrtava fašizma 2"",""normalized"":""Trg žrtava fašizma 2, 10000 Zagreb, Croatia"",""street"":""Trg žrtava fašizma"",""house_number"":""2""}]","Kuća Deutsch-Maceljski na Trgu žrtava fašizma 2 sagrađena je 1922./1924. prema projektu Aladara Baranyaija (građevno poduzeće „Benedik & Baranyai, arhitekt i graditelj“). Trokatna stambeno-poslovna zgrada s mezaninom, izvedena za Roberta i Vlatku Deutsch-Maceljski, jedan je od najreprezentativnijih primjera novog tipa gradske palače iz razdoblja prve polovine trećeg desetljeća. U susjedstvu su kuće Benedik (Trg žrtava fašizma 9, 1923./1924.), Benedik-Maceljski (Trg žrtava fašizma 6, 1923./1925.) i Rosenberger-Rosenstock (Trg žrtava fašizma 4, 1927./1928.) koje reinterpretacijama na temu klasicizma uspostavljaju sklad monumentalizma, reprezentativnosti i funkcionalizma u urbanom mjerilu i identitetu arhitektonike novonastalog trga. Svojevrsni manifest vrhunske kvalitete stanovanja u tom okviru predstavlja oblikovanje stana za trgovca Roberta Deutsch-Maceljskog. Različito od ranijih Baranyaijevih interijerskih rješenja, u oblikovanju prostora prevladavaju dekorativni oblici u znaku Art Décoa, kakav je, primjerice, plasticizam štuko dekoracija u salonu, gdje novost predstavljaju kružne i profilacije nepravilnih geometrijskih formi. Zaobljene forme prevladavaju i u namještaju za sjedenje, presvučenom koloristicki efektnim tkaninama u maniri Décoa, s velikim cvjetnim uzorkom između okomitih bordura. (Jasna Galjer)",Aladár Baranyai,https://www.arhitektura-zagreba.com/zgrade/trg-zrtava-fasizma-2?ulica=trg-zrtava-fasizma,https://storage.googleapis.com/arhitektura-zagr-1514718358225.appspot.com/photos/Trg_%C5%BErtava_fa%C5%A1_2__1.JPG,https://storage.googleapis.com/arhitektura-zagr-1514718358225.appspot.com/photo_thumbs/trg_zrtava_fas_2__1.jpg,Unknown,45.8106434,15.9869445,"2, Square of the Victims of Fascism, Mjesni odbor ""Hrvatski narodni vladari"", Gradska četvrt Donji grad, Zagreb, City of Zagreb, 10101, Croatia","Trg žrtava fašizma 2, 10000 Zagreb, Croatia",way,289540859,building,building
kuca-felbinger-trg-bana-jelacica-15-15,Kuća Felbinger,"Trg bana Jelačića 15, 10000 Zagreb, Croatia",Trg bana Jelačića 15,"Trg bana Jelačića 15, 10000 Zagreb, Croatia","[{""raw"":""Trg bana Jelačića 15"",""normalized"":""Trg bana Jelačića 15, 10000 Zagreb, Croatia"",""street"":""Trg bana Jelačića"",""house_number"":""15""}]","Ugrađena trokrilna dvokatnica na Trgu bana Jelačića 15, tlocrtnog ""U"" oblika, vlastita kuća graditelja Bartola Felbingera, sagrađena je 1826./1829. Prizemlje rastvoreno s pravokutnim dućanskim otvorima i slijepom arkadurom rekonstruirano je iza 1960. Dvorišni objekti prigrađeni u 19. i 20. st. odudaraju od karakteristika i kvalitete glavne Felbingerove zgrade. Vlastita kuća Bartola Felbingera značajna je u graditeljevu opusu i graditeljstvu Zagreba prve polovine 19. st. u cjelini. (Galerija nepokretnih kulturnih dobara grada Zagreba)",Bartol Felbinger,https://www.arhitektura-zagreba.com/zgrade/trg-bana-jelacica-15?ulica=trg-bana-jelacica,https://storage.googleapis.com/arhitektura-zagr-1514718358225.appspot.com/photos/Trg%20bana%20Jela%C4%8Di%C4%87a%2015%20%201_6079.JPG,https://storage.googleapis.com/arhitektura-zagr-1514718358225.appspot.com/photo_thumbs/trg%20bana%20jelacica%2015%20%201_6079.jpg,Unknown,45.8125369,15.9771393,"Kuća Felbinger, 15, Ban Jelačić Square, Kaptol, Mjesni odbor ""August Cesarec"", Gradska četvrt Gornji grad - Medveščak, Zagreb, City of Zagreb, 10106, Croatia","Trg bana Jelačića 15, 10000 Zagreb, Croatia",way,97235393,building,building
kuca-feller-stern-jurisiceva-1-1a-1,Kuća Feller-Stern,"Jurišićeva 1 - 1A / Trg bana Jelačića 11, 10000 Zagreb, Croatia",Jurišićeva 1 - 1A / Trg bana Jelačića 11,"Trg bana Jelačića 11, 10000 Zagreb, Croatia","[{""raw"":""Jurišićeva 1"",""normalized"":""Jurišićeva 1, 10000 Zagreb, Croatia"",""street"":""Jurišićeva"",""house_number"":""1""},{""raw"":""Jurišićeva 1A"",""normalized"":""Jurišićeva 1A, 10000 Zagreb, Croatia"",""street"":""Jurišićeva"",""house_number"":""1A""},{""raw"":""Trg bana Jelačića 11"",""normalized"":""Trg bana Jelačića 11, 10000 Zagreb, Croatia"",""street"":""Trg bana Jelačića"",""house_number"":""11""}]",Stambeno-poslovna peterokatnica Stern na uglu Trg bana Jelačića 11 /Jurišićeva 1-1A nastala je 1928. godine nadogradnjom četverokatnice (tada kuća Feller) sagrađene 1904./1905. prema projektu Vjekoslava Bastla (Hönigsberg & Deutsch). Prvotna pročelja s bogatom secesijskom ornamentikom preoblikovana su i modernizirana 1927./1928. prema skici berlinskog arhitekta Petera Behrensa. Kuća Feller-Stern prvo je djelo internacionalnog stila u Zagrebu i kao autorsko djelo istaknutog pionira moderne 20. stoljeća zauzima značajno mjesto u topografiji međuratne europske arhitekture. Izvor: Galerija nepokretnih kulturnih dobara Grada Zagreba,Peter Behrens; Vjekoslav Bastl,https://www.arhitektura-zagreba.com/zgrade/jurisiceva-1?ulica=trg-bana-jelacica,https://storage.googleapis.com/arhitektura-zagr-1514718358225.appspot.com/photos/Juri%C5%A1i%C4%87eva%201-1A%20%201_2f79.jpg,https://storage.googleapis.com/arhitektura-zagr-1514718358225.appspot.com/photo_thumbs/jurisiceva%201-1a%20%201_2f79.jpg,Unknown,45.8126992,15.9786398,"1, Jurišićeva ulica, Kaptol, Mjesni odbor ""August Cesarec"", Gradska četvrt Gornji grad - Medveščak, Zagreb, City of Zagreb, 10101, Croatia","Jurišićeva 1, 10000 Zagreb, Croatia",node,10600721588,place,place
kuca-gavella-trg-bana-jelacica-6-6,Kuća Gavella,"Trg bana Jelačića 6, 10000 Zagreb, Croatia",Trg bana Jelačića 6,"Trg bana Jelačića 6, 10000 Zagreb, Croatia","[{""raw"":""Trg bana Jelačića 6"",""normalized"":""Trg bana Jelačića 6, 10000 Zagreb, Croatia"",""street"":""Trg bana Jelačića"",""house_number"":""6""}]","Kuća Gavella na Trgu bana Jelačića 6 sagrađena je 1889. godine prema projektu arhitekta Kune Waidmanna. Originalno pročelje dvokatnice s polukatom i mansardnim sobama imalo je u srednjoj osi otvor veže uokviren baroknim dovratnikom. Srednja os je bila zaključena zabatom nad balustradom vijenca s grbom i inicijalima imena vlasnika. U prvom katu je ostao sačuvan balkon s polukružnom ogradom. Erkeri na bočnim rizalitima bili su zaobljeni i barokno ukrašeni, te zaključeni visokim volutasto lomljenim zabatima s jarbolima. Prozori prvog kata bili su bogato ukrašeni u zonama natprozornika medaljonima sa svitkovljem i putima. Profilirani doprozornici bili su zaključeni polukružnim lukovima. Za razliku od prvog kata, prozori su drugog kata bili pravokutni, a ispod ispod prozorskih klupica vegetabilni ukrasni motivi ispunjavali su parapetne zone. Kasetni friz završnog vijenca bio je ispunjen školjkama, a ispod vijenca tekao je niz gustih zubaca. Nadogradnja trećeg kata i purifikacija pročelja izvedene su 1933. prema projektu arhitekta Aleksandra Freudenreicha. Veći dio izvornog izgleda vraćen je 1987. prilikom restauracije pročelja kuće. (Cvitanović, 1969:91)",Kuno Waidmann,https://www.arhitektura-zagreba.com/zgrade/trg-bana-jelacica-6?ulica=trg-bana-jelacica,https://storage.googleapis.com/arhitektura-zagr-1514718358225.appspot.com/photos/Trg%20bana%20Jela%C4%8Di%C4%87a%206%20%201_454c.JPG,https://storage.googleapis.com/arhitektura-zagr-1514718358225.appspot.com/photo_thumbs/trg%20bana%20jelacica%206%20%201_454c.jpg,Unknown,45.8134056,15.977322,"6, Ban Jelačić Square, Kaptol, Mjesni odbor ""August Cesarec"", Gradska četvrt Gornji grad - Medveščak, Zagreb, City of Zagreb, 10106, Croatia","Trg bana Jelačića 6, 10000 Zagreb, Croatia",node,1566544593,place,place
kuca-kanitz-kralja-zvonimira-1-1,Kuća Kanitz,"Kralja Zvonimira 1 / Trg žrtava fašizma 7, 10000 Zagreb, Croatia",Kralja Zvonimira 1 / Trg žrtava fašizma 7,"Kralja Zvonimira 1, 10000 Zagreb, Croatia","[{""raw"":""Kralja Zvonimira 1"",""normalized"":""Kralja Zvonimira 1, 10000 Zagreb, Croatia"",""street"":""Kralja Zvonimira"",""house_number"":""1""},{""raw"":""Trg žrtava fašizma 7"",""normalized"":""Trg žrtava fašizma 7, 10000 Zagreb, Croatia"",""street"":""Trg žrtava fašizma"",""house_number"":""7""}]","Kuća Kanitz na uglu Ulica kralja Zvonimira 1 /Trg žrtava fašizma 7 sagrađena je 1922./1923. prema projektu Rudolfa Lubynskog. Masivna uglovnica nastala je u postsecesijskom razdoblju djelovanja ovog velikana hrvatske secesije. Zgradu obilježuju neki tradicionalni arhitektonski elementi poput arkada koje rastvaraju prizemlje, polukružnih erkera, lezena koje flankiraju prozore na drugom i trećem katu, plitkih polukružnih luneta iznad prozora i krovnog vijenca na konzolama, što je tipično za monumentalnu neohistoricističku arhitekturu 1920-ih godina.",Rudolf Lubynski,https://www.arhitektura-zagreba.com/zgrade/kralja-zvonimira-1?ulica=trg-zrtava-fasizma,https://storage.googleapis.com/arhitektura-zagr-1514718358225.appspot.com/photos/Zvonimirova_1__1.JPG,https://storage.googleapis.com/arhitektura-zagr-1514718358225.appspot.com/photo_thumbs/zvonimirova_1__1.jpg,Unknown,43.8310968,17.0008848,"1, Kralja Zvonimira, Donji grad, Livno, City of Livno, Herzeg-Bosnia County, Federation of Bosnia and Herzegovina, 80101, Bosnia and Herzegovina",Kralja Zvonimira 1,way,966784471,building,building
kuca-kolmar-trg-bana-jelacica-7-7,Kuća Kolmar,"Trg bana Jelačića 7, 10000 Zagreb, Croatia",Trg bana Jelačića 7,"Trg bana Jelačića 7, 10000 Zagreb, Croatia","[{""raw"":""Trg bana Jelačića 7"",""normalized"":""Trg bana Jelačića 7, 10000 Zagreb, Croatia"",""street"":""Trg bana Jelačića"",""house_number"":""7""}]","Stambeno-trgovačka najamna zgrada, Trg bana Josipa Jelačića 7 /Pod zidom 8, građena je 1904./1905. godine za trgovca Roberta Kolmara prema projektu atelijera Hönigsberg i Deutsch. Tek što je sagrađena kuću su kupili industrijalac Žiga Stern, vlasnik kožare i veletrgovac drvom Filip Deutsch. Vlasnički stan zauzima cijeli prvi kat zgrade s glavnim prostorima prema Trgu i servisnim dijelom sa zasebnim ulazom s ulice Pod zidom. Prostorije vlasničkog stana od sredine 20. stoljeća koristi Društvo hrvatskih književnika. Pročelje je oblikovano u duhu slobodnog stila kasnog historicizma, a interijer zgrade očuvan je unatoč kasnijim zahvatima. Zgrada je vrijedan primjer stambene palače u opusu atelijera Hönigsberg i Deutsch i odlikuje se kvalitetno izvedenim obrtničkim detaljima i korištenjem suvremenih konstruktivnih rješenja. (Galerija nepokretnih kulturnih dobara grada Zagreba)",Hönigsberg; Deutsch,https://www.arhitektura-zagreba.com/zgrade/trg-bana-jelacica-7?ulica=trg-bana-jelacica,https://storage.googleapis.com/arhitektura-zagr-1514718358225.appspot.com/photos/Trg%20bana%20Jela%C4%8Di%C4%87a%207%20%201_f578.jpg,https://storage.googleapis.com/arhitektura-zagr-1514718358225.appspot.com/photo_thumbs/trg%20bana%20jelacica%207%20%201_f578.jpg,Unknown,45.8133259,15.9776192,"7, Ban Jelačić Square, Kaptol, Mjesni odbor ""August Cesarec"", Gradska četvrt Gornji grad - Medveščak, Zagreb, City of Zagreb, 10106, Croatia","Trg bana Jelačića 7, 10000 Zagreb, Croatia",node,1566544592,place,place
kuca-popovic-trg-bana-jelacica-4-4,Kuća Popović,"Trg bana Jelačića 4, 10000 Zagreb, Croatia",Trg bana Jelačića 4,"Trg bana Jelačića 4, 10000 Zagreb, Croatia","[{""raw"":""Trg bana Jelačića 4"",""normalized"":""Trg bana Jelačića 4, 10000 Zagreb, Croatia"",""street"":""Trg bana Jelačića"",""house_number"":""4""}]","Reprezentativna trokatna stambeno-poslovna palača Popović na uglu Jelačićev trg 4 /Splavnice /Pod zidom sagrađena je 1906./1907. prema projektu Aladara Baranyaija. Građena za zagrebačkog trgovca i kućevlasnika Fedora Popovića prva je velika narudžba atelijera Benedik i Baranyai i ujedno prvo u nizu Baranyaijevih uspjelih projektantskih rješenja donjogradskih blokova uglovnicama, kojima je zajedničko neutraliziranje masivnosti zaobljenim formama. Secesijsko pročelje je velik dio prvobitnog izgleda izgubilo purifikacijom iz 1915. god., kada su uklonjene kamene oplate i dio dekoracije, a prigradnjama 1932. god. odnosno pregradnjom 1940. god. znatno je preoblikovan i unutrašnji prostor. Visoki zaobljeni ugao s velikom zastakljenom plohom dodatno je istaknut balkonskim rešetkama od kovanog željeza i reljefnim figuralnim frizom izvedenim u poznatoj zagrebačkoj tvornici keramike Josipa Kalline po predlošku Ivana Meštrovića. Baranyaijevu plodnu suradnju s umjetnicima, koja se u najrazličitijim iskazima očituje tijekom cijeloga mu opusa, ovdje sjajno ilustrira stan i atelijer u kojem se neposredno po povratku iz Beča u Zagreb nastanio Tomislav Krizman, slikar i grafičar koji je u ovoj sredini značajan i kao pokretač umjetničkih zbivanja i začetnik modernog dizajna, a ta je »bohemska mansarda« gotovo puna tri desetljeća funkcionirala kao njihov “genius loci”. (Galjer, 1997:168, 175)",Aladár Baranyai; Slavko Benedik,https://www.arhitektura-zagreba.com/zgrade/trg-bana-jelacica-4?ulica=trg-bana-jelacica,https://storage.googleapis.com/arhitektura-zagr-1514718358225.appspot.com/photos/Trg%20bana%20Jela%C4%8Di%C4%87a%204%20%201_fa4b.JPG,https://storage.googleapis.com/arhitektura-zagr-1514718358225.appspot.com/photo_thumbs/trg%20bana%20jelacica%204%20%201_fa4b.jpg,Unknown,45.8134872,15.9769406,"4, Ban Jelačić Square, Kaptol, Mjesni odbor ""August Cesarec"", Gradska četvrt Gornji grad - Medveščak, Zagreb, City of Zagreb, 10106, Croatia","Trg bana Jelačića 4, 10000 Zagreb, Croatia",node,10604062781,place,place
kuca-rado-trg-bana-jelacica-5-5,Kuća Rado,"Trg bana Jelačića 5, 10000 Zagreb, Croatia",Trg bana Jelačića 5,"Trg bana Jelačića 5, 10000 Zagreb, Croatia","[{""raw"":""Trg bana Jelačića 5"",""normalized"":""Trg bana Jelačića 5, 10000 Zagreb, Croatia"",""street"":""Trg bana Jelačića"",""house_number"":""5""}]","Kuća Rado na Trgu bana Jelačića 5 sagrađena je 1904./1905. prema projektu Vjekoslava Bastla (arhitektonski biro Hönigsberg & Deutsch). To je trgovačko-stambena zgrada protegnuta od glavnoga gradskog trga do ulice u zaleđu (Pod zidom), sa stanom i ordinacijom slavnoga zagrebačkog stomatologa dr. Eugena Rada u pianu nobile. Pojedine stambene jedinice s vremenom su pretvorene u poslovne prostore. Nosiva struktura zgrade je masivna s ojačanjima od kamenih blokova. Bogato raščlanjeno glavno pročelje, s atraktivnim ostakljenim verandama, te alegorijskim i animalnim ukrasnim skulpturama nad vijencem. U velikoj mjeri očuvan izvorni izgled ulaznog vestibula i stubišnog prostora. Suvremena kritika zgradu je ocijenila snažnim primjerom “visokog držanja stijega modernizma”. (Aleksander Laslo, 2011:58)",Vjekoslav Bastl,https://www.arhitektura-zagreba.com/zgrade/trg-bana-jelacica-5?ulica=trg-bana-jelacica,https://storage.googleapis.com/arhitektura-zagr-1514718358225.appspot.com/photos/Trg_bana_Jela%C4%8Di%C4%87a_5__11.JPG,https://storage.googleapis.com/arhitektura-zagr-1514718358225.appspot.com/photo_thumbs/trg_bana_jelacica_5__11.jpg,Unknown,45.8134726,15.9771426,"5, Ban Jelačić Square, Kaptol, Mjesni odbor ""August Cesarec"", Gradska četvrt Gornji grad - Medveščak, Zagreb, City of Zagreb, 10106, Croatia","Trg bana Jelačića 5, 10000 Zagreb, Croatia",node,1566544591,place,place
kuca-rosenberg-rosenstock-trg-zrtava-fasizma-4-4,Kuća Rosenberg-Rosenstock,"Trg žrtava fašizma 4, 10000 Zagreb, Croatia",Trg žrtava fašizma 4,"Trg žrtava fašizma 4, 10000 Zagreb, Croatia","[{""raw"":""Trg žrtava fašizma 4"",""normalized"":""Trg žrtava fašizma 4, 10000 Zagreb, Croatia"",""street"":""Trg žrtava fašizma"",""house_number"":""4""}]","Kuća Rosenberg-Rosenstock na Trgu žrtava fašizma 4 sagrađena je 1927./1928. prema projektu Aladara Baranyaija (Benedik & Baranyai). Kod zgrade realizirane u duhu modernističke redukcije oblika na tradiciju asociraju još samo simetrično pročelje, horizontalna razdioba pojedinih katova diskretnim vijencima, balkon na konzolama i jednostavno profilirani otvori vertikalnog tipa. Pored interpretacija na temu historicističkog vokabulara za sve Baranyaijeve zgrade na Trgu žrtava fašizma zajedničko je i oblikovanje stanova koje uspostavlja nove parametre funkcionalnosti i luksuza. (Jasna Galjer)",Aladár Baranyai,https://www.arhitektura-zagreba.com/zgrade/trg-zrtava-fasizma-4?ulica=trg-zrtava-fasizma,https://storage.googleapis.com/arhitektura-zagr-1514718358225.appspot.com/photos/Trg_%C5%BErtava_fa%C5%A1_4__1.JPG,https://storage.googleapis.com/arhitektura-zagr-1514718358225.appspot.com/photo_thumbs/trg_zrtava_fas_4__1.jpg,Unknown,45.8106504,15.9875351,"4, Square of the Victims of Fascism, Mjesni odbor ""Hrvatski narodni vladari"", Gradska četvrt Donji grad, Zagreb, City of Zagreb, 10101, Croatia","Trg žrtava fašizma 4, 10000 Zagreb, Croatia",way,289540862,building,building
kuca-salomona-i-terezije-benedik-kneza-viseslava,Kuća Salomona i Terezije Benedik,"Kneza Višeslava / Trg žrtava fašizma 9, 10000 Zagreb, Croatia",Kneza Višeslava / Trg žrtava fašizma 9,"Kneza Višeslava, 10000 Zagreb, Croatia","[{""raw"":""Kneza Višeslava"",""normalized"":""Kneza Višeslava, 10000 Zagreb, Croatia"",""street"":""Kneza Višeslava"",""house_number"":""""},{""raw"":""Trg žrtava fašizma 9"",""normalized"":""Trg žrtava fašizma 9, 10000 Zagreb, Croatia"",""street"":""Trg žrtava fašizma"",""house_number"":""9""}]","Kuća Salomona i Terezije Benedik na uglu Trg žrtava fašizma 9 /Kneza Višeslava sagrađena je 1923./1924. prema projektu Aladara Baranyaija (arhitektonski biro Benedik & Baranyai). Na kući se pojavljuje karakterističan motiv uzdignutog pročelja, odnosno ornamentalni elementi na višim etažama. Posebno je zanimljiv motiv tordiranih stupova na drugom, trećem i četvrtom katu, monumentalnih dimenzija, na blago zakrivljenom uglu stambene kuće. Središnji horizontalni korpus te zgrade definiran je dvama jakim i bogato profiliranim vijencima, a prozori su uglavnom kvadratičnog oblika. (Andreja Der-Hazarijan Vukić)",Aladár Baranyai,https://www.arhitektura-zagreba.com/zgrade/kneza-viseslava?ulica=trg-zrtava-fasizma,https://storage.googleapis.com/arhitektura-zagr-1514718358225.appspot.com/photos/Trg%20%C5%BErt.fa%C5%A1.%209%20-Vi%C5%A1eslav%20%203%20%201_7524.JPG,https://storage.googleapis.com/arhitektura-zagr-1514718358225.appspot.com/photo_thumbs/trg%20zrt.fas.%209%20-viseslav%20%203%20%201_7524.jpg,Unknown,45.8095135,15.9883424,"9, Square of the Victims of Fascism, Mjesni odbor ""Hrvatski narodni vladari"", Gradska četvrt Donji grad, Zagreb, City of Zagreb, 10113, Croatia","Trg žrtava fašizma 9, 10000 Zagreb, Croatia",way,289862231,building,building
kuca-stankovic-ilica-2-2,Kuća Stanković,"Ilica 2 / Trg bana Jelačića 1, 10000 Zagreb, Croatia",Ilica 2 / Trg bana Jelačića 1,"Trg bana Jelačića 1, 10000 Zagreb, Croatia","[{""raw"":""Ilica 2"",""normalized"":""Ilica 2, 10000 Zagreb, Croatia"",""street"":""Ilica"",""house_number"":""2""},{""raw"":""Trg bana Jelačića 1"",""normalized"":""Trg bana Jelačića 1, 10000 Zagreb, Croatia"",""street"":""Trg bana Jelačića"",""house_number"":""1""}]","Trgovačko-stambena trokatnica na uglu Ilica 2 /Trg bana Jelačića 1 nastala je nadogradnjom kasnobarokne jednokatnice za investitora trgovca Kristofora Stankovića. Drugi kat nadograđen je 1837., a treći 1880. prema projektu Hermanna Bolléa, kada su pročelja preoblikovana u neorenesansnom stilu. Prizemlje je pregrađeno 1931./1934. kada je uklonjen portal i baldahinski svodovi u prizemlju, te rastvoreni veliki izlozi pregrađeni u nekoliko navrata nakon II. svjetskog rata. Kuća Stanković prva je trokatnica na Trgu bana Jelačića. Izvor: Galerija nepokretnih kulturnih dobara Grada Zagreba",Antun Cragnolini,https://www.arhitektura-zagreba.com/zgrade/ilica-2?ulica=trg-bana-jelacica,https://storage.googleapis.com/arhitektura-zagr-1514718358225.appspot.com/photos/Trg%20bana%20Jela%C4%8Di%C4%87a%201%20-Ilica%202%20%201_0c6c.jpg,https://storage.googleapis.com/arhitektura-zagr-1514718358225.appspot.com/photo_thumbs/trg%20bana%20jelacica%201%20-ilica%202%20%201_0c6c.jpg,Unknown,45.8133072,15.976192,"1, Ban Jelačić Square, Kaptol, Mjesni odbor ""August Cesarec"", Gradska četvrt Gornji grad - Medveščak, Zagreb, City of Zagreb, 10106, Croatia","Trg bana Jelačića 1, 10000 Zagreb, Croatia",node,965931157,place,place
kuca-zivkovic-trg-bana-jelacica-12-12,Kuća Živković,"Trg bana Jelačića 12, 10000 Zagreb, Croatia",Trg bana Jelačića 12,"Trg bana Jelačića 12, 10000 Zagreb, Croatia","[{""raw"":""Trg bana Jelačića 12"",""normalized"":""Trg bana Jelačića 12, 10000 Zagreb, Croatia"",""street"":""Trg bana Jelačića"",""house_number"":""12""}]","Kuća Živković na Trgu bana Jelačića 12 današnji izgled dobila je 1876. godine. Ivan Plochberger st. projektirao je i izveo nadogradnju i novu fasadu na staroj jednokatnici baruna Jovana Živkovića. Dva pobočna rizalita oivičena kvadrima, zabati nad prozorima prvoga kata, i blagi lukovi nad onima drugoga kata tipični su neorenesansni atributi, koji rese ovu skladnu trokatnicu. Od vremena gradnje do danas izmijenjeno je na toj gradnji jedino prizemlje. (Lelja Dobronić -2, 1983:94)",Ivan Plochberger st.,https://www.arhitektura-zagreba.com/zgrade/trg-bana-jelacica-12?ulica=trg-bana-jelacica,https://storage.googleapis.com/arhitektura-zagr-1514718358225.appspot.com/photos/Trg%20bana%20Jela%C4%8Di%C4%87a%2012%20%201.1_624c.jpg,https://storage.googleapis.com/arhitektura-zagr-1514718358225.appspot.com/photo_thumbs/trg%20bana%20jelacica%2012%20%201.1_624c.jpg,Unknown,45.8123925,15.9781751,"Kuća Živković, 12, Ban Jelačić Square, Kaptol, Mjesni odbor ""August Cesarec"", Gradska četvrt Gornji grad - Medveščak, Zagreb, City of Zagreb, 10106, Croatia","Trg bana Jelačića 12, 10000 Zagreb, Croatia",way,105489668,building,building
palaca-prve-hrvatske-stedionice-praska-2-2,Palača Prve hrvatske štedionice,"Praška 2 / Trg bana Jelačića 14, 10000 Zagreb, Croatia",Praška 2 / Trg bana Jelačića 14,"Trg bana Jelačića 14, 10000 Zagreb, Croatia","[{""raw"":""Praška 2"",""normalized"":""Praška 2, 10000 Zagreb, Croatia"",""street"":""Praška"",""house_number"":""2""},{""raw"":""Trg bana Jelačića 14"",""normalized"":""Trg bana Jelačića 14, 10000 Zagreb, Croatia"",""street"":""Trg bana Jelačića"",""house_number"":""14""}]","Palača Prve hrvatske štedionice, kasnije “Singerova palača” na uglu Trg bana Jelačića 14 /Praška 2 sagrađena je 1870. prema projektu arhitektonskog biroa Grahor i Klein.［...］”Manirističko preobilje nakita, pa neki detalji (otvori u prizemlju, armatura krila balkonskih vratiju na rizalitima) još pripadaju Kleinovoj romantičnoj fazi. Motiv sažimanja katova proveden je polustupovima, pilastrima i hermama kroz sva tri kata, osobito naglašeno na rizalitu. Edo Šen izveo je za američku tvrtku Singer šivaći strojevi 1926./1927. potrebne adaptacije u unutrašnjosti, a s pročelja je uklonio sav figuralni ukras, ali je sačuvao glavnu misao povezivanja katova pilastrima kao osnovnim elementom. (Olga Maruševski, 1993:112)",Grahor; Klein,https://www.arhitektura-zagreba.com/zgrade/praska-2?ulica=trg-bana-jelacica,https://storage.googleapis.com/arhitektura-zagr-1514718358225.appspot.com/photos/Pra%C5%A1ka%202%20-Trg%20bana%20Jela%C4%8Di%C4%87a%2014%20%201.1_59fc.JPG,https://storage.googleapis.com/arhitektura-zagr-1514718358225.appspot.com/photo_thumbs/praska%202%20-trg%20bana%20jelacica%2014%20%201.1_59fc.jpg,Unknown,42.2848248,18.8346573,"2, Praška, Babin Do, Budva, Budva Municipality, 81350, Montenegro",Praška 2,way,199905261,building,building
poslovno-trgovacko-stambena-zgrada-osiguravajuceg-drustva-triglav-kneza-mislava-17-17,Poslovno-trgovačko-stambena zgrada Osiguravajućeg društva Triglav,"Kneza Mislava 17 / Trg žrtava fašizma 14, 10000 Zagreb, Croatia",Kneza Mislava 17 / Trg žrtava fašizma 14,"Kneza Mislava 17, 10000 Zagreb, Croatia","[{""raw"":""Kneza Mislava 17"",""normalized"":""Kneza Mislava 17, 10000 Zagreb, Croatia"",""street"":""Kneza Mislava"",""house_number"":""17""},{""raw"":""Trg žrtava fašizma 14"",""normalized"":""Trg žrtava fašizma 14, 10000 Zagreb, Croatia"",""street"":""Trg žrtava fašizma"",""house_number"":""14""}]","Poslovno-trgovačko-stambena zgrada Osiguravajućeg društva Triglav na uglu Kneza Mislava 17 /Trg žrtava fašizma 14 sagrađena je 1923. prema projektu Dionisa Sunka. Zgradi čiji je ugaoni položaj naglašen kupolom, monumentalnost daju jonski pilastri i polustupovi velikog reda na uličnim pročeljima. Oblikovanje zgrada u stilu moderniziranog neoklasicizma karakteristično je za međuratnu zagrebačku arhitekturu.",Dionis Sunko,https://www.arhitektura-zagreba.com/zgrade/kneza-mislava-17?ulica=trg-zrtava-fasizma,https://storage.googleapis.com/arhitektura-zagr-1514718358225.appspot.com/photos/Kneza%20Mislava%2017%20-Trg%20%C5%BErt.fa%C5%A1.14%20%201_6485.jpg,https://storage.googleapis.com/arhitektura-zagr-1514718358225.appspot.com/photo_thumbs/kneza%20mislava%2017%20-trg%20zrt.fas.14%20%201_6485.jpg,Unknown,45.8094305,15.9860789,"17, Ulica kneza Mislava, Mjesni odbor ""Knez Mislav"", Gradska četvrt Donji grad, Zagreb, City of Zagreb, 10101, Croatia","Kneza Mislava 17, 10000 Zagreb, Croatia",way,289540874,building,building
stambeno-poslovna-zgrada-brunner-rackoga,Stambeno-poslovna zgrada Brunner,"Račkoga / Trg žrtava fašizma 1, 10000 Zagreb, Croatia",Račkoga / Trg žrtava fašizma 1,"Račkoga, 10000 Zagreb, Croatia","[{""raw"":""Račkoga"",""normalized"":""Račkoga, 10000 Zagreb, Croatia"",""street"":""Račkoga"",""house_number"":""""},{""raw"":""Trg žrtava fašizma 1"",""normalized"":""Trg žrtava fašizma 1, 10000 Zagreb, Croatia"",""street"":""Trg žrtava fašizma"",""house_number"":""1""}]","Stambeno-poslovna zgrada Brunner na uglu Trg žrtava fašizma 1 /Račkoga sagrađena je 1922./1923. prema projektu Ignjata Fischera.［...］""Fasadni plašt zgrade je za svoje vrijeme neobično jednostavan. Prizemlje je rastvoreno elegantnim arkadama, motivom koji će Fischer kasnije ponoviti na još nekoliko svojih zgrada čije je prizemlje bilo namijenjeno trgovanju. Prozori katova nižu se u mirnom ritmu, njihovi su okviri fino profilirani i plitki, kao i razdjelni vijenci. Jedini plastični elementi pročelja su profilirani korniš i balkon s konzolama naglašenoga plasticiteta, smješten na drugom katu na samom uglu zgrade. Glavni je ulaz zgrade obilježen nešto širim lukom, a apostrofira ga i reljefni ukras nad prozorom prvoga kata. Među zgradama na tadašnjem Trgu N građenima u isto vrijeme kad i kuća Brunner samo pročelje Kovačićeve kuće na kbr. 3 govori istim jezikom suzdržanog (neo)neoklasicizma. Susjedne kuće atelijera Benedik & Baranyai, Rudolfa Lubynskog, Lava Kalde i Dionisa Sunka u to su vrijeme tipični primjeri monumentalne neohistoricističke arhitekture 1920-ih godina.""¹ Izvor: ¹Marina Bagarić, 2011:299",Ignjat Fischer,https://www.arhitektura-zagreba.com/zgrade/rackoga?ulica=trg-zrtava-fasizma,https://storage.googleapis.com/arhitektura-zagr-1514718358225.appspot.com/photos/Trg_%C5%BErtava_fa%C5%A1izma_1__55.JPG,https://storage.googleapis.com/arhitektura-zagr-1514718358225.appspot.com/photo_thumbs/trg_zrtava_fasizma_1__55.jpg,Unknown,45.8105993,15.9864773,"Udruga specijalne policije iz Domovinskog rata, 1, Square of the Victims of Fascism, Mjesni odbor ""Hrvatski narodni vladari"", Gradska četvrt Donji grad, Zagreb, City of Zagreb, 10101, Croatia","Trg žrtava fašizma 1, 10000 Zagreb, Croatia",node,10030053595,office,office
stambeno-poslovna-zgrada-danas-hotel-le-premier-kralja-drzislava-5-5,"Stambeno-poslovna zgrada, danas hotel Le Premier","Kralja Držislava 5 / Trg žrtava fašizma, 10000 Zagreb, Croatia",Kralja Držislava 5 / Trg žrtava fašizma,"Kralja Držislava 5, 10000 Zagreb, Croatia","[{""raw"":""Kralja Držislava 5"",""normalized"":""Kralja Držislava 5, 10000 Zagreb, Croatia"",""street"":""Kralja Držislava"",""house_number"":""5""},{""raw"":""Trg žrtava fašizma"",""normalized"":""Trg žrtava fašizma, 10000 Zagreb, Croatia"",""street"":""Trg žrtava fašizma"",""house_number"":""""}]","Stambeno-poslovna zgrada na uglu Ulica kralja Držislava 5 /Trg žrtava fašizma sagrađena je 1922./1923. prema projektu Lava Kalde. Masivna uglovnica s mansardnim krovištem prema ulici i ravnim krovom prema dvorištu nastala je između dva svjetska rata, u razdoblju između secesijske moderne i racionalnog funkcionalizma.¹ Danas je to luksuzni boutique hotel Le Premier u vlasništvu Sveučilišta Libertas. Izvor: ¹ Darja Radović Mahečić -1",Lav Kalda,https://www.arhitektura-zagreba.com/zgrade/kralja-drzislava-5?ulica=trg-zrtava-fasizma,https://storage.googleapis.com/arhitektura-zagr-1514718358225.appspot.com/photos/Kralja%20Dr%C5%BEislava%205%20%201_3c9c.JPG,https://storage.googleapis.com/arhitektura-zagr-1514718358225.appspot.com/photo_thumbs/kralja%20drzislava%205%20%201_3c9c.jpg,Unknown,45.8102053,15.9861147,"5, Ulica kralja Držislava, Mjesni odbor ""Hrvatski narodni vladari"", Gradska četvrt Donji grad, Zagreb, City of Zagreb, 10101, Croatia","Kralja Držislava 5, 10000 Zagreb, Croatia",way,289540864,building,building
stambeno-poslovna-zgrada-eksploatacija-drva-d-d-trg-zrtava-fasizma-3-3,Stambeno-poslovna zgrada Eksploatacija drva d.d.,"Trg žrtava fašizma 3, 10000 Zagreb, Croatia",Trg žrtava fašizma 3,"Trg žrtava fašizma 3, 10000 Zagreb, Croatia","[{""raw"":""Trg žrtava fašizma 3"",""normalized"":""Trg žrtava fašizma 3, 10000 Zagreb, Croatia"",""street"":""Trg žrtava fašizma"",""house_number"":""3""}]","Stambeno-poslovna zgrada Eksploatacija drva d.d. na Trgu žrtava fašizma 3 sagrađena je 1922./1923. prema projektu Viktora Kovačića. Zgrada zorno govori o filtriranju oblikovanja, o novom rasteru otvora koji teži prema standardiziranju, o pročelju koje prestaje biti kulisa i koje odbacuje reprezentativnost kao obilježje kvalitete. Kovačić na manje reprezentativan način varira temu palače Slaveks sa Svačićeva trga. Temeljna oznaka pročelja izrazita je jednostavnost, ali uz maksimalnu uravnoteženost otvora koji, uz malo naglašeni meandrirani friz iznad prizemlja i okrugle medaljone pod prozorima katova, nemaju drugog plastičnog ukrasa. Usput ne smijemo zaboraviti da je to prethodnica arhitekture tridesetih godina, prethodnica koja je već riješila mnoge probleme i čije rješenje postaje sastavnim dijelom novih razmišljanja. (Maroević -2, 2007:108, 130)",Viktor Kovačić,https://www.arhitektura-zagreba.com/zgrade/trg-zrtava-fasizma-3?ulica=trg-zrtava-fasizma,https://storage.googleapis.com/arhitektura-zagr-1514718358225.appspot.com/photos/Trg_%C5%BErtava_fa%C5%A1_3__1.JPG,https://storage.googleapis.com/arhitektura-zagr-1514718358225.appspot.com/photo_thumbs/trg_zrtava_fas_3__1.jpg,Unknown,45.8106488,15.9872508,"3, Square of the Victims of Fascism, Mjesni odbor ""Hrvatski narodni vladari"", Gradska četvrt Donji grad, Zagreb, City of Zagreb, 10101, Croatia","Trg žrtava fašizma 3, 10000 Zagreb, Croatia",way,289540868,building,building
stambeno-poslovna-zgrada-gradske-stedionice-trg-bana-jelacica-10a-10-10a,Stambeno-poslovna zgrada Gradske štedionice,"Trg bana Jelačića 10A - 10, 10000 Zagreb, Croatia",Trg bana Jelačića 10A - 10,"Trg bana Jelačića 10A, 10000 Zagreb, Croatia","[{""raw"":""Trg bana Jelačića 10A"",""normalized"":""Trg bana Jelačića 10A, 10000 Zagreb, Croatia"",""street"":""Trg bana Jelačića"",""house_number"":""10A""},{""raw"":""Trg bana Jelačića 10"",""normalized"":""Trg bana Jelačića 10, 10000 Zagreb, Croatia"",""street"":""Trg bana Jelačića"",""house_number"":""10""}]","Palača Gradske štedionice, danas Zagrebačka banka na Trgu bana Jelačića 10-10A sagrađena je između 1923. i 1931. godine. Zrelo je ostvarenje poslovnice arhitekta Ignjata Fischera i značajan javni prostor međuratnog razdoblja u Zagrebu. Pored bankovnog prostora s obilježjima neoklasicizma i art decòa, značajni su interijeri Gradske kavane i Gradskog podruma kao omiljena okupljališta građana Zagreba. Kavana je uređena modernističkim i reduciranim arhitektonskim elementima s detaljima art decòa, a prostor restorana arhitekt Fischer uredio je nadahnut motivima narodne baštine. (Galerija nepokretnih kulturnih dobara grada Zagreba)",Ignjat Fischer,https://www.arhitektura-zagreba.com/zgrade/trg-bana-jelacica-10?ulica=trg-bana-jelacica,https://storage.googleapis.com/arhitektura-zagr-1514718358225.appspot.com/photos/Trg%20bana%20Jela%C4%8Di%C4%87a%209%20i%2010%20%201_cf24.JPG,https://storage.googleapis.com/arhitektura-zagr-1514718358225.appspot.com/photo_thumbs/trg%20bana%20jelacica%209%20i%2010%20%201_cf24.jpg,Unknown,45.8129215,15.9785864,"Zagrebačka banka, 10, Ban Jelačić Square, Kaptol, Mjesni odbor ""August Cesarec"", Gradska četvrt Gornji grad - Medveščak, Zagreb, City of Zagreb, 10106, Croatia","Trg bana Jelačića 10, 10000 Zagreb, Croatia",node,965927397,amenity,amenity
stambeno-trgovacka-zgrada-kraus-muacevic-kralja-zvonimira-2-2,Stambeno-trgovačka zgrada Kraus-Muačević,"Kralja Zvonimira 2 / Trg žrtava fašizma 8, 10000 Zagreb, Croatia",Kralja Zvonimira 2 / Trg žrtava fašizma 8,"Kralja Zvonimira 2, 10000 Zagreb, Croatia","[{""raw"":""Kralja Zvonimira 2"",""normalized"":""Kralja Zvonimira 2, 10000 Zagreb, Croatia"",""street"":""Kralja Zvonimira"",""house_number"":""2""},{""raw"":""Trg žrtava fašizma 8"",""normalized"":""Trg žrtava fašizma 8, 10000 Zagreb, Croatia"",""street"":""Trg žrtava fašizma"",""house_number"":""8""}]","Stambeno-trgovačka zgrada dr. Ivana Rikarda Krausa i Jelke Kraus Muačević na uglu Ulica kralja Zvonimira 2 /Trg žrtava fašizma 8 sagrađena je 1924./1925. prema projektu Ignjata Fischera.［...］""Prizemlje kuće rastvoreno je arkadama profiliranih okvira, etaže dijele razdjelni vijenci, prozori su uokvireni jednostavnim profiliranim okvirima, osim onih na drugome katu koji imaju trokutne zabate. Pročelja kuće imaju središnje rizalite s balkonima na drugom katu, a završavaju trokutnim zabatima. Balkoni punih ograda počivaju na dva, odnosno tri luka koje “nose” predimenzionirane pune konzole s reljfno ukrašenim stranicama. Dubina balkona i lukova s izduženim konzolama daje zgradi ekspresivnu monumentalnost.""¹ Izvor: ¹Marina Bagarić, 2011:302",Ignjat Fischer,https://www.arhitektura-zagreba.com/zgrade/kralja-zvonimira-2?ulica=trg-zrtava-fasizma,https://storage.googleapis.com/arhitektura-zagr-1514718358225.appspot.com/photos/Trg_%C5%BErtava_fa%C5%A1_8__1.JPG,https://storage.googleapis.com/arhitektura-zagr-1514718358225.appspot.com/photo_thumbs/trg_zrtava_fas_8__1.jpg,Unknown,45.8097829,15.988406,"2, Ulica kralja Zvonimira, Mjesni odbor ""Petar Krešimir IV."", Gradska četvrt Donji grad, Zagreb, City of Zagreb, 10113, Croatia","Kralja Zvonimira 2, 10000 Zagreb, Croatia",way,289862287,building,building
trgovacko-stambena-zgrada-ullmann-kralja-drzislava,Trgovačko­-stambena zgrada Ullmann,"Kralja Držislava / Trg žrtava fašizma 15, 10000 Zagreb, Croatia",Kralja Držislava / Trg žrtava fašizma 15,"Kralja Držislava, 10000 Zagreb, Croatia","[{""raw"":""Kralja Držislava"",""normalized"":""Kralja Držislava, 10000 Zagreb, Croatia"",""street"":""Kralja Držislava"",""house_number"":""""},{""raw"":""Trg žrtava fašizma 15"",""normalized"":""Trg žrtava fašizma 15, 10000 Zagreb, Croatia"",""street"":""Trg žrtava fašizma"",""house_number"":""15""}]","Trgovačko­-stambena zgrada Ullmann na uglu Trg žrtava faš­izma 15 /Ulica kralja Držislava sagrađena je 1924./1925. prema projektu Lava Kalde. Kao i druge Kaldine palače nastale u međuratnom razdoblju i ova se gradnja odlikuje racionalnoš­ću, jednostavnom monumentalnoš­ću, elegantnim mjerilom, vješ­tom prostornom dispozicijom i visokom razinom izvedbe. (Darja Radović Mahečić -1)",Lav Kalda,https://www.arhitektura-zagreba.com/zgrade/kralja-drzislava?ulica=trg-zrtava-fasizma,https://storage.googleapis.com/arhitektura-zagr-1514718358225.appspot.com/photos/Trg%20%C5%BErtava%20fa%C5%A1izma%2015%20-Kralja%20Dr%C5%BEislava%20%201_8fa0.JPG,https://storage.googleapis.com/arhitektura-zagr-1514718358225.appspot.com/photo_thumbs/trg%20zrtava%20fasizma%2015%20-kralja%20drzislava%20%201_8fa0.jpg,Unknown,45.8097687,15.9861921,"15, Square of the Victims of Fascism, Mjesni odbor ""Hrvatski narodni vladari"", Gradska četvrt Donji grad, Zagreb, City of Zagreb, 10101, Croatia","Trg žrtava fašizma 15, 10000 Zagreb, Croatia",way,289540871,building,building
zgrada-assicurazioni-generali-trg-bana-jelacica-3-3,Zgrada Assicurazioni Generali,"Trg bana Jelačića 3, 10000 Zagreb, Croatia",Trg bana Jelačića 3,"Trg bana Jelačića 3, 10000 Zagreb, Croatia","[{""raw"":""Trg bana Jelačića 3"",""normalized"":""Trg bana Jelačića 3, 10000 Zagreb, Croatia"",""street"":""Trg bana Jelačića"",""house_number"":""3""}]","Zgrada Assicurazioni Generali na Trgu bana Jelačića 3 /Tkalčićeva 1 sagrađena je 1938./1939. prema projektu Marcella Piacentinija. Nabusita, masivna i akontekstualna gradnja talijanskog fascio-racionalizma, trajno osporavana zbog svog formata i grubog zaklanjanja vidika na gornjogradsku akropolu, no ujedno izvrsne prostorne organizacije, posebice korisničke distribucije u parternoj zoni, s elegantnim detaljiranjem u skupocjenom materijalu. U prvom katu dviju glavnih fronti zgrade poslovne prostorije Udruženja hrvatskih arhitekata i Društva arhitekata Zagreba. (Aleksander Laslo, 2011:86)",Marcello Piacentini,https://www.arhitektura-zagreba.com/zgrade/trg-bana-jelacica-3?ulica=trg-bana-jelacica,https://storage.googleapis.com/arhitektura-zagr-1514718358225.appspot.com/photos/Trg%20bana%20Jela%C4%8Di%C4%87a%203%20%201_1e8a.JPG,https://storage.googleapis.com/arhitektura-zagr-1514718358225.appspot.com/photo_thumbs/trg%20bana%20jelacica%203%20%201_1e8a.jpg,Unknown,45.813597,15.9764008,"3, Ban Jelačić Square, Kaptol, Mjesni odbor ""August Cesarec"", Gradska četvrt Gornji grad - Medveščak, Zagreb, City of Zagreb, 10000, Croatia","Trg bana Jelačića 3, 10000 Zagreb, Croatia",node,11970658300,place,place
zgrada-jugoslavenske-akademije-znanosti-i-umjetnosti-trg-zrtava-fasizma-11-11,Zgrada Jugoslavenske akademije znanosti i umjetnosti,"Trg žrtava fašizma 11, 10000 Zagreb, Croatia",Trg žrtava fašizma 11,"Trg žrtava fašizma 11, 10000 Zagreb, Croatia","[{""raw"":""Trg žrtava fašizma 11"",""normalized"":""Trg žrtava fašizma 11, 10000 Zagreb, Croatia"",""street"":""Trg žrtava fašizma"",""house_number"":""11""}]","Zgrada Jugoslavenske akademije znanosti i umjetnosti, potom Studentski dom “Ivan Meštrović”, danas zgrada u vlasništvu HAZU-a na Trgu žrtava fašizma 11 sagrađena je 1933./1934. prema projektu Ede Šena. Široka zgrada zauzima cijelu južnu stranu toga trga.［...］”Tu je uočljiva jednostavnost oblikovanja arhitekta koji svoju maštu podređuje elementima gabarita i volumena. U rasteru otvora na jednostavnom pročelju ostvaruje svoju oblikovnu misao. I to je sve, a za uzvrat dobivamo definiranu modernost izraza, koja je još uvijek u hodu, u traženju rješenja, ali i u čvrsto određenom htijenju.”¹ Izvor: ¹Ivo Maroević -2, 2007:130",Edo Šen,https://www.arhitektura-zagreba.com/zgrade/trg-zrtava-fasizma-11?ulica=trg-zrtava-fasizma,https://storage.googleapis.com/arhitektura-zagr-1514718358225.appspot.com/photos/Trg_%C5%BErtava_fa%C5%A1_11__1.JPG,https://storage.googleapis.com/arhitektura-zagr-1514718358225.appspot.com/photo_thumbs/trg_zrtava_fas_11__1.jpg,Unknown,45.809294,15.9872432,"11, Square of the Victims of Fascism, Mjesni odbor ""Hrvatski narodni vladari"", Gradska četvrt Donji grad, Zagreb, City of Zagreb, 10101, Croatia","Trg žrtava fašizma 11, 10000 Zagreb, Croatia",node,990249727,place,place
zgrada-jugoslavenske-banke-d-d-praska-1-1,Zgrada Jugoslavenske banke d.d.,"Praška 1 / Trg bana Jelačića 13, 10000 Zagreb, Croatia",Praška 1 / Trg bana Jelačića 13,"Trg bana Jelačića 13, 10000 Zagreb, Croatia","[{""raw"":""Praška 1"",""normalized"":""Praška 1, 10000 Zagreb, Croatia"",""street"":""Praška"",""house_number"":""1""},{""raw"":""Trg bana Jelačića 13"",""normalized"":""Trg bana Jelačića 13, 10000 Zagreb, Croatia"",""street"":""Trg bana Jelačića"",""house_number"":""13""}]","Zgrada Jugoslavenske banke d.d. (Hrvatske zemaljske banke), danas zgrada Croatia osiguranja na uglu Trg bana Jelačića 13 /Praška 1 nastala je spajanjem dvokatne kuće Prister na uglu Jelačićeva trga i Praške ulice (sagradio Janko Jambrišak 1881.) sa susjednom jednokatnom kućom u Praškoj ulici. Nadogradnja kuće u Praškoj i pregradnja obiju kuća izvedena je između 1920. i 1926. prema projektu Ignjata Fischera s kojim je na oblikovanju pročelja surađivao ruski arhitekt Petar Pavlović Fetisov. Fetisov se od 1920. godine nalazio u emigraciji u Zagrebu, gdje je na Arhitektonskom odjelu Tehničke visoke škole radio kao predavač. Pročelja zgrade oblikovana su u neoklasicističkom stilu. Ističu se dvokatni dorski polustupovi, a u krovnoj zoni alegorijske skulpture kipara Rudolfa Valdeca.",Janko Jambrišak; Ignjat Fischer,https://www.arhitektura-zagreba.com/zgrade/praska-1?ulica=trg-bana-jelacica,https://storage.googleapis.com/arhitektura-zagr-1514718358225.appspot.com/photos/Pra%C5%A1ka%201%20%201.1_1e29.JPG,https://storage.googleapis.com/arhitektura-zagr-1514718358225.appspot.com/photo_thumbs/praska%201%20%201.1_1e29.jpg,Unknown,51.7443262,19.4708542,"1, Praska, Górniak, Łódź-Górna, Łódź, Łódź Voivodeship, 93-189, Poland",Praška 1,way,1018274834,building,building
zgrada-mirovinske-zaklade-gradske-stedionice-gajeva-2-2,Zgrada Mirovinske zaklade gradske štedionice,"Gajeva 2 / Trg bana Jelačića, 10000 Zagreb, Croatia",Gajeva 2 / Trg bana Jelačića,"Trg bana Jelačića, 10000 Zagreb, Croatia","[{""raw"":""Gajeva 2"",""normalized"":""Gajeva 2, 10000 Zagreb, Croatia"",""street"":""Gajeva"",""house_number"":""2""},{""raw"":""Trg bana Jelačića"",""normalized"":""Trg bana Jelačića, 10000 Zagreb, Croatia"",""street"":""Trg bana Jelačića"",""house_number"":""""}]","Zgrada Mirovinske zaklade gradske štedionice na uglu Gajeva 2 /Trg bana Jelačića sagrađena je 1934. prema projektu Huga Ehrlicha. Ehrlich je dobio izvedbu na temelju natječaja, nakon što je nekad jedinstveni blok Zakladne bolnice bio rasparceliran. Način na koji je Ehrlich riješio zadatak doista je smion i moderan. Na toj je zgradi armiranobetonska konstrukcija omogućila kontinuirane pojaseve prozor koji teku cijelom širinom pročelja, dok je prizemni dio izbačen i prema ulici zatvoren transparentnom staklenom opnom, čime je postignuta potpuna inverzija klasične građevne tektonike. Po jasnoći osnovne dispozicije, suvremenom senzibilitetu i dorađenosti detalja, ta Ehrlichova građevina ide nesumnjivo među klasična ostvarenja naše međuratne arhitekture i čini, ne samo vremenski nego i sadržajno, zaključak njegova stvaralačkog puta. (Žarko Domljan -1, 1976:55)",Hugo Ehrlich,https://www.arhitektura-zagreba.com/zgrade/gajeva-2?ulica=trg-bana-jelacica,https://storage.googleapis.com/arhitektura-zagr-1514718358225.appspot.com/photos/Gajeva_2__22.JPG,https://storage.googleapis.com/arhitektura-zagr-1514718358225.appspot.com/photo_thumbs/gajeva_2__22.jpg,Unknown,45.8127852,15.9761653,"2, Gajeva ulica, Mjesni odbor Cvjetni trg, Gradska četvrt Donji grad, Zagreb, City of Zagreb, 10000, Croatia","Gajeva 2, 10000 Zagreb, Croatia",way,331291327,building,building
